Investment,Revenue,Competition,Experience,Growth_Rate,Employee_Count,Economic_Reports,Innovation_Level,Predicted_Market_Trend,Risk Level
414735,768406,Low,-0.73,0.19,492,0.71,Low,Decline,4
441758,3768866,Medium,-0.45,-0.09,886,0.67,Medium,Growth,4
77213,4712338,High,-0.91,-0.04,62,0.7,High,Decline,2
107450,2953406,Low,0.86,-0.1,992,0.63,Low,Growth,5
447693,1133255,High,0.32,0.09,543,0.6,High,Stable,4
636510,3152766,High,0.49,0.17,750,0.74,Medium,Stable,1
974037,640677,Low,-0.38,-0.03,336,0.63,High,Growth,8
568728,3194235,High,0.69,0.18,769,0.64,Low,Stable,3
728756,1271459,High,-0.48,-0.08,163,0.83,High,Decline,6
62755,2959653,Low,-1,0.18,529,0.98,High,Growth,4
706225,2066197,High,-0.25,0.01,71,0.8,Low,Growth,9
192245,487952,Medium,0.14,-0.07,398,0.54,Low,Decline,7
239977,2309373,High,-0.04,0.05,775,0.54,High,Decline,9
219169,4247703,Medium,0.72,-0.02,732,0.98,High,Growth,10
345515,1130117,High,-0.79,-0.01,884,0.65,Medium,Decline,3
285132,2996818,Low,0.11,-0.01,615,0.55,Low,Growth,1
454470,2457821,Low,0.03,0.14,955,0.8,High,Decline,5
185090,625134,High,-0.44,0.06,859,0.81,Low,Growth,3
841624,344761,Low,0.64,-0.01,369,0.82,Medium,Decline,6
838447,3030098,High,0.51,0.08,175,0.63,High,Decline,8
944586,3071820,Low,0.47,0.11,326,0.51,High,Stable,4
774276,164323,Medium,0.75,-0.02,253,0.98,High,Stable,5
602631,1337715,High,0.45,0.02,243,0.63,Low,Stable,5
905738,1054480,Medium,-0.54,-0.06,730,0.84,Medium,Decline,4
55829,2432811,Medium,0.41,-0.05,713,0.85,Low,Growth,4
608669,954016,High,-0.38,0.1,596,0.81,High,Decline,4
947883,964909,Medium,-0.52,-0.05,745,0.66,Medium,Stable,4
262153,1150493,High,-0.85,0.06,335,0.64,High,Decline,4
330407,382762,Medium,0.49,0.11,106,0.8,High,Stable,5
809036,1705118,High,0.42,-0.07,783,0.93,Low,Stable,2
496476,2983427,High,-0.53,0.07,352,0.97,High,Growth,2
534427,1516012,Low,0.5,-0.02,212,0.55,Medium,Growth,9
370562,671650,High,0.84,0.19,68,0.58,High,Stable,2
796258,4576576,High,-0.78,0.05,419,0.97,High,Stable,6
574436,485925,Medium,-0.53,0.14,313,0.87,Low,Decline,2
969258,2963793,High,0.5,0.07,843,0.94,Medium,Stable,5
863177,3857974,Low,-0.45,-0.09,162,0.6,Low,Decline,4
647202,503081,Medium,0.25,0.09,537,0.79,High,Stable,7
555111,2499105,Medium,-0.84,0.19,376,0.85,Low,Growth,7
987644,478892,Low,-0.1,0.08,591,0.84,Low,Growth,6
110653,4299591,Medium,0.48,0.15,696,0.7,Low,Stable,10
797895,3254240,Medium,0.37,0.17,628,0.51,Low,Decline,5
242593,756702,Medium,0.63,-0.03,114,0.79,High,Decline,1
390459,3354600,Medium,0.75,-0.04,341,0.63,High,Decline,3
343219,2085296,Low,0.55,0.08,74,0.73,Medium,Stable,9
998201,2290222,Low,0.34,0.02,598,0.98,Low,Stable,1
59795,3849783,Medium,-0.94,0.15,50,0.7,Low,Growth,5
638843,2819269,Medium,0.07,0.17,960,0.92,Medium,Growth,2
285068,4902116,Low,-0.92,0.01,598,0.59,Low,Stable,4
512970,2424797,Low,0.62,-0.03,190,0.84,Medium,Growth,1
677395,886667,Low,-0.36,0.13,793,0.99,High,Decline,3
363673,1453649,Medium,0.12,-0.02,697,0.55,Medium,Decline,10
979176,1812503,Medium,-0.44,0.15,950,0.5,Low,Stable,7
497454,3085418,High,0.57,0.03,237,0.72,Medium,Decline,10
801938,3709736,Low,0.77,0.1,177,0.55,High,Stable,3
217022,1484418,Medium,-0.2,-0.07,250,0.87,Low,Decline,4
61009,486594,Low,0.73,0.09,176,0.96,High,Stable,2
228168,2969760,Medium,-0.47,0.04,306,0.72,High,Decline,3
724904,3906503,Low,0.07,0.08,725,0.63,Medium,Decline,9
603669,3937247,Medium,0.72,-0.05,596,0.72,High,Growth,3
439913,1192501,High,-0.35,0.12,243,0.86,Low,Growth,5
992791,237023,High,0.91,0.16,752,0.5,High,Growth,2
376754,1235964,Low,-0.76,-0.03,153,0.79,High,Growth,4
118122,4826599,Medium,-0.96,-0.07,584,0.81,Medium,Growth,7
380328,1583624,Medium,0.81,-0.09,314,0.82,High,Growth,7
483297,2255748,Low,-0.86,0.09,851,0.62,Medium,Stable,3
264709,2056109,Medium,0.98,0.08,991,0.86,Medium,Stable,5
661516,3145179,Low,0.9,0.06,433,0.55,Low,Growth,1
909375,4025282,Medium,-0.73,-0.03,309,0.6,Low,Stable,10
655058,973172,Low,0.08,0.02,463,0.94,Low,Growth,10
102726,3785540,Medium,-0.63,0.08,407,0.87,Low,Stable,10
465427,622244,Low,-0.14,0.05,124,0.51,Medium,Decline,1
996984,4973594,Medium,-0.88,0.2,404,0.62,High,Stable,5
884212,4163309,High,-0.55,-0.06,633,0.61,Low,Stable,10
238210,1162636,Medium,-0.27,0.11,820,0.64,Low,Stable,9
795742,1886921,Low,-0.12,0.02,959,0.62,Low,Decline,1
354647,929735,High,0.95,0.03,237,0.53,High,Growth,1
894325,3436007,Medium,0.62,0.12,734,0.73,Low,Stable,4
227265,3930375,High,0.47,0.11,339,0.87,High,Stable,4
819362,4629788,Medium,0.07,0.2,94,0.8,Medium,Decline,2
570759,2662469,High,0.68,-0.06,622,0.84,Medium,Growth,9
897790,3186176,Low,-0.32,-0.07,132,0.54,Medium,Stable,9
130857,3395374,Medium,0.42,0.12,172,0.98,High,Decline,2
432601,4983680,Medium,0.99,0.07,407,0.92,Low,Growth,9
989621,3781262,Low,-0.37,-0.02,577,0.9,Low,Growth,6
309405,4733078,High,0.35,-0.08,115,0.91,Low,Stable,8
240128,2709089,Low,0.69,-0.07,985,0.97,Low,Stable,10
692216,2608749,Low,0.83,0.17,706,0.77,Low,Stable,4
632994,1014228,High,0.44,-0.04,424,0.6,High,Stable,2
976980,1053959,Low,-0.43,0,211,0.81,Medium,Decline,2
394950,2289415,Medium,-0.35,-0.03,795,0.87,Low,Decline,9
629294,1727781,Medium,-0.96,0.01,429,0.87,Medium,Stable,1
661526,3469538,Medium,0.52,-0.08,705,0.76,High,Growth,7
298018,3342374,Low,-0.91,0.06,407,0.53,High,Stable,3
513134,445266,Medium,0.73,-0.08,237,0.69,Low,Growth,3
768515,4056679,Medium,-0.76,0.14,371,0.96,High,Growth,2
882230,1638601,Medium,-0.66,-0.03,499,0.79,Medium,Growth,10
127271,2677855,Medium,-0.05,0.06,523,0.77,Low,Decline,6
866609,3171475,Medium,0.48,0.16,62,0.63,Low,Growth,10
539464,4637358,Medium,-0.72,0.1,233,0.68,Medium,Growth,2
440166,4103484,Low,-0.12,0.06,160,0.95,Low,Decline,10
565631,1207955,Medium,-0.03,0,976,0.83,Low,Growth,4
966588,3902010,Medium,-0.58,0,557,0.89,Medium,Growth,10
394359,2032728,High,-0.77,0.1,339,0.73,Low,Stable,9
93013,1999492,Low,0.67,0.2,344,0.82,Low,Growth,9
656888,2461632,Low,0,0.1,500,0.62,Medium,Growth,6
408243,1514397,Low,-0.97,0.07,953,0.85,High,Growth,4
365594,3277993,Low,0.61,0.12,264,0.71,Medium,Growth,7
491144,3231209,Medium,0.96,0.04,681,0.72,Low,Growth,1
434784,1323520,Medium,0.21,-0.08,943,0.82,Medium,Decline,4
928835,4157893,High,0.01,0.07,616,0.97,Low,Growth,5
488598,3317635,High,0.76,0.19,76,0.53,Low,Growth,8
673578,2400119,Low,0.91,-0.05,679,0.91,Medium,Decline,2
266110,1999443,High,0.51,0.11,782,0.65,Low,Decline,5
181832,3548503,High,-0.11,-0.04,280,0.72,High,Growth,6
74142,1539758,Low,0.18,0.06,614,0.51,Low,Growth,5
422333,1905468,Low,0.4,-0.07,856,0.65,Medium,Growth,9
943964,3527975,High,-0.61,0.04,370,0.75,High,Stable,10
984794,226108,Medium,-0.11,0.13,962,0.53,High,Stable,1
181436,3260110,High,0.66,0,282,0.75,Low,Growth,3
893353,3330019,High,0.31,0.1,719,0.96,Medium,Decline,2
331941,1807692,Medium,-0.18,0.14,486,0.55,Low,Growth,3
287403,2180154,Medium,0.33,0.18,830,0.88,Low,Decline,10
606823,2344702,Low,-0.76,-0.03,582,0.7,Medium,Decline,9
358444,3477778,Low,-0.2,0.02,452,0.83,Medium,Decline,9
883608,2630034,High,0.59,-0.05,102,0.63,Low,Growth,10
66105,4632131,Medium,-0.56,0.2,836,0.58,High,Growth,2
713299,2792755,Low,-0.63,0.18,362,0.58,Low,Decline,3
653760,488349,High,0.9,0.06,330,0.54,High,Stable,4
747389,1162729,Medium,-0.58,0.15,775,0.59,Low,Stable,9
721223,3224071,High,-0.48,0.06,80,0.83,Medium,Stable,3
128097,3486501,Low,0.94,0.09,386,0.94,High,Decline,7
311674,2079079,Low,0.47,-0.07,232,0.91,Medium,Growth,3
191519,4688334,Medium,0.4,0.13,72,0.84,Medium,Decline,7
670448,3622905,High,0.71,-0.06,593,0.56,Medium,Stable,7
96940,176077,Medium,-0.77,0.15,495,0.64,Medium,Growth,9
783307,4427819,Low,0.41,0.13,123,0.65,Medium,Decline,2
135001,1355564,Low,0.01,0.11,59,0.62,Low,Decline,6
809112,2008327,High,0.66,-0.09,533,0.76,High,Stable,9
725002,225885,High,0.02,-0.01,505,0.77,Low,Decline,2
802158,641656,High,0.24,-0.02,615,0.68,Low,Growth,2
801259,770688,Medium,-0.04,0.01,613,0.68,Low,Stable,5
248715,2385166,High,-0.04,-0.07,709,0.91,Medium,Stable,10
57928,4524507,High,0.54,0.18,209,0.89,Low,Growth,10
622290,2151531,Low,0.26,0.07,931,0.65,High,Stable,10
396997,2892427,Low,0.27,-0.01,63,0.96,Low,Decline,8
688902,3020803,High,-0.1,0.02,227,0.98,Medium,Decline,9
167517,3457679,High,0.06,0.03,461,0.66,High,Stable,2
206089,4490020,Low,0.49,0.08,927,0.68,High,Growth,5
129064,2781719,High,0.65,0.05,102,0.75,High,Decline,7
956126,990695,Medium,0.39,0.18,457,0.97,High,Growth,6
456529,4294430,Medium,0.85,0.05,896,0.94,Low,Decline,6
444775,938761,Medium,0.64,0.2,71,0.55,Medium,Decline,7
100893,600315,High,0.12,0.16,79,0.7,High,Stable,3
327311,2514472,Low,0.34,-0.04,752,0.78,High,Stable,3
612886,1399445,High,0.85,0.18,309,0.75,Medium,Growth,10
188595,598716,High,0.24,-0.07,254,0.6,Low,Stable,9
886209,3241069,Low,0.65,0.15,108,0.93,High,Decline,8
471655,3421127,Low,0.38,0.01,520,0.84,Low,Decline,5
428522,2659272,Low,0.1,0.16,825,0.92,Low,Growth,6
131060,2376106,Medium,-0.52,0.16,515,0.93,Low,Growth,10
849717,2102324,High,-0.15,0.14,61,0.87,Low,Decline,1
454189,4427021,Low,0.94,0.14,680,0.72,High,Stable,10
435114,3424323,High,0.32,-0.01,976,0.81,High,Stable,1
596982,4051416,Medium,0.13,-0.08,339,0.58,Low,Growth,4
971806,594592,Medium,0.87,0.02,899,0.84,Low,Growth,2
311401,3345886,Low,0.17,-0.05,809,0.59,Medium,Decline,7
821136,3954261,Low,0.05,0.11,403,0.85,Medium,Decline,2
727751,3678226,High,0.52,0,688,0.61,Medium,Growth,10
841043,2129454,Low,0.43,0.19,124,0.56,High,Decline,2
583660,2527540,High,-0.61,0.09,922,0.58,Medium,Growth,5
205384,1815630,Low,-0.06,0.15,765,0.5,High,Growth,4
195152,418408,High,-0.05,-0.06,610,0.86,High,Stable,8
917050,568276,High,-0.24,0.16,640,0.87,High,Growth,4
687233,2254697,High,0.03,0.18,490,0.76,High,Decline,6
944829,611411,High,-0.17,0.05,290,0.58,Medium,Stable,5
670501,3022808,Medium,-0.6,0.08,910,0.54,Low,Stable,2
70874,3217172,High,-0.18,0.13,203,0.51,Low,Decline,8
505753,984377,Low,-0.86,-0.05,835,0.58,Low,Decline,2
779274,4335042,Medium,0.15,0.05,145,0.95,Medium,Decline,9
444813,1998739,Medium,0.71,0.02,775,0.62,Low,Growth,9
585888,1329336,High,0.45,-0.06,343,0.68,Medium,Stable,3
971251,1117433,Medium,-0.28,0.01,258,0.55,Medium,Growth,4
915847,4761029,High,-0.83,-0.08,392,0.61,Medium,Growth,8
822718,2861089,Low,-0.6,-0.09,137,0.76,Low,Growth,9
521769,3778086,High,0.09,-0.06,867,0.8,Low,Growth,3
730175,1681530,Medium,-0.59,0.19,825,0.62,Low,Stable,5
789860,2187258,Low,0.09,0.06,986,0.53,High,Stable,8
668636,4592816,High,-0.54,0.19,439,0.7,Medium,Growth,3
155736,4956447,Low,0.7,0.03,374,0.62,High,Decline,7
861146,2849178,Low,-0.21,-0.01,989,0.61,Medium,Stable,8
462106,1096530,Medium,-0.51,0.05,938,0.98,Low,Growth,10
505040,871253,Low,0.62,0.03,881,0.81,Medium,Decline,3
185797,2701623,Medium,-0.31,-0.07,206,0.78,Medium,Decline,2
486421,1478246,Low,-0.78,0.09,717,0.71,High,Growth,10
726044,4208997,High,0.14,-0.04,700,0.71,Medium,Stable,7
535077,3003540,Low,0.16,0.09,682,0.77,Low,Decline,9
685861,3464695,High,0.43,0.1,626,0.85,Medium,Stable,1
325236,4078400,High,-0.52,-0.05,668,0.85,Medium,Stable,3
408062,4677456,Low,-0.11,-0.08,708,0.59,Medium,Decline,5
75457,2291422,High,-0.44,0.13,186,0.75,High,Growth,3
908099,1145482,Low,-0.84,0.04,972,0.71,Medium,Decline,1
402895,1395302,Low,0.75,-0.08,723,0.94,Medium,Decline,7
112894,4102640,High,0.46,0.2,477,0.82,High,Stable,7
635593,670451,High,-0.4,-0.08,501,0.77,High,Growth,10
717972,119816,Medium,0.2,0.11,661,0.56,High,Stable,8
808201,1067344,High,-0.6,0.2,899,0.8,High,Decline,5
259699,2955059,Medium,0.78,-0.03,960,0.56,Low,Growth,10
888569,2512149,High,-0.77,-0.06,868,0.67,Low,Growth,5
50559,3452252,Low,-0.99,-0.06,190,0.57,Medium,Growth,5
902681,3832839,High,0,-0.01,132,0.85,Low,Growth,1
87361,1138896,Low,0.17,-0.07,226,0.6,Medium,Growth,10
917152,3397606,Low,0.16,0.11,247,0.7,Low,Decline,5
851693,2978604,Low,-0.89,-0.08,673,0.95,High,Decline,6
856804,3680893,Medium,-0.37,0.05,617,0.6,High,Decline,1
367499,4427858,High,0,0.2,740,0.75,Low,Stable,7
803036,4056602,Low,-0.57,0.14,470,0.71,Low,Growth,1
410704,4196951,Low,0.75,0.08,450,0.51,Medium,Growth,2
763280,364223,Medium,-0.83,-0.01,747,0.9,Medium,Decline,2
293950,3419260,High,-0.03,0.09,520,0.53,Medium,Growth,5
475760,2794287,High,0.38,0.06,267,0.74,High,Stable,10
50037,1766471,Medium,-0.48,0.03,974,0.78,High,Growth,7
748392,4721056,Medium,0.25,-0.06,978,0.81,High,Growth,1
521449,688365,High,0.66,0.17,877,0.84,High,Stable,10
353564,803662,Medium,-0.62,0.03,778,0.63,Medium,Decline,1
557450,1405585,High,0.83,-0.04,681,0.5,High,Decline,1
671531,4192097,High,0.11,0.01,955,0.86,High,Growth,6
703668,2759440,Low,-0.4,0.02,224,0.77,High,Stable,2
308430,1699601,Low,-0.14,0.15,72,0.92,High,Decline,1
608888,4043645,High,-0.38,0.12,774,0.91,Low,Decline,6
753645,4595013,High,0.45,0.13,966,0.92,Medium,Decline,2
767368,4151774,High,0.59,-0.1,284,0.74,Medium,Growth,6
925952,1334816,High,0.67,0.02,62,0.67,High,Stable,10
841599,1725351,High,0.97,0.04,150,0.9,Low,Growth,8
307351,2064956,High,0.58,-0.09,978,0.73,Medium,Decline,2
574720,3548678,Medium,0.2,-0.02,585,0.59,Medium,Stable,9
835838,1227199,High,-0.32,0.13,925,0.93,High,Growth,8
643975,3611049,Medium,0.09,-0.06,572,0.94,High,Decline,10
818576,4163186,Medium,-0.92,0.06,834,0.73,Medium,Decline,1
908379,2380827,High,0.49,-0.04,501,0.54,Medium,Growth,7
932756,1885910,High,-0.11,-0.1,480,0.69,Low,Decline,10
887335,4946769,Medium,-0.96,-0.03,842,0.9,Medium,Decline,6
535375,3195900,Medium,-0.87,0.19,655,0.95,Medium,Stable,6
235221,4143064,High,-0.23,0.14,762,0.6,High,Decline,6
793000,2702967,High,0.17,0.19,582,0.53,Medium,Growth,6
237840,3538550,Medium,-0.07,0.05,901,0.94,High,Stable,10
503400,176218,Medium,0.24,-0.07,772,0.69,Medium,Growth,7
902224,870044,Medium,-0.04,0.06,701,0.77,Medium,Decline,3
345583,2646741,Low,0.32,0.04,342,0.98,Medium,Stable,6
214329,4772750,Medium,-0.56,0.15,859,0.53,Low,Stable,3
225746,4756356,Low,-0.77,-0.07,962,0.82,High,Stable,7
363392,3580130,High,0.19,0.05,150,0.54,Low,Stable,7
526818,3285714,High,-0.03,-0.05,551,0.69,Medium,Growth,8
750731,1828096,Medium,-0.95,0,353,0.9,Low,Decline,2
803642,447739,High,-0.24,0.12,920,0.72,High,Decline,9
511212,572327,High,-0.79,0.04,589,1,Medium,Stable,5
742657,2794946,High,0.06,0.01,602,0.78,Low,Decline,9
504472,4329215,High,-0.21,0.02,404,0.66,Low,Growth,10
609031,2022135,Low,0.23,0.04,352,0.61,High,Decline,5
249824,1078039,Low,0.61,0.14,545,0.68,Low,Growth,7
654091,999885,Medium,-0.4,0.17,707,0.69,High,Growth,9
911549,708746,Medium,0.92,0.19,817,0.53,Medium,Decline,4
251123,3102819,Medium,0.07,0.14,276,0.68,Medium,Growth,2
72076,4611219,High,0.24,-0.01,285,0.73,Low,Growth,9
291424,599876,High,0.36,0.11,922,0.86,Medium,Growth,2
256384,2062165,Low,0.33,0.03,941,0.83,Medium,Growth,3
300699,711213,Low,0.02,-0.02,504,0.85,Low,Stable,10
923915,868734,Medium,-0.14,0.15,62,0.5,Medium,Decline,2
708323,4341361,Low,-0.89,-0.09,259,0.61,Low,Stable,3
431361,1939433,Low,-0.96,0.17,790,0.83,High,Growth,6
194938,3772214,Low,-0.28,0.04,446,0.74,High,Decline,3
940936,2126580,Low,-0.33,0.09,149,0.5,High,Growth,10
213377,4439235,Low,-0.22,0.1,80,0.9,Low,Decline,8
263968,1592252,Medium,-0.72,0.17,947,0.89,Low,Stable,6
942081,3626737,Medium,0.48,0.09,577,0.77,Medium,Decline,7
438388,501921,Low,0.71,0.08,698,0.53,Medium,Growth,1
344957,2108960,Medium,0.88,-0.08,378,0.88,Medium,Decline,3
903161,4555214,High,-0.02,0.06,215,0.79,Medium,Decline,3
840944,187955,Low,0.4,-0.05,508,0.89,Medium,Stable,2
300703,3916446,High,0.71,0.12,871,0.88,Low,Growth,7
465882,3476513,Medium,-0.16,0.05,149,0.9,Low,Decline,9
197702,2037878,Medium,-0.38,0.1,670,0.76,High,Stable,4
167907,4502294,High,0.87,-0.09,904,0.57,High,Decline,5
255591,2185259,Medium,0.03,-0.07,222,0.84,High,Growth,3
443852,2575539,Low,-0.01,0.11,798,0.81,High,Decline,9
971279,4833188,High,-0.64,-0.08,211,0.87,Low,Decline,4
638879,1805215,Low,-0.78,-0.08,954,0.58,Low,Decline,5
573869,2589569,High,0.68,-0.1,777,0.6,Low,Decline,1
259633,3366402,Medium,0.23,0.19,825,0.95,Medium,Growth,2
518032,2083851,High,-0.35,0.12,312,0.87,Medium,Stable,9
807847,4208880,High,-0.62,0.01,853,0.95,High,Stable,2
847783,4837655,Low,0.11,-0.01,323,0.88,Medium,Decline,5
951832,4361946,Medium,0.17,0,52,0.8,Low,Growth,8
694821,190093,Low,-0.59,0.13,77,0.83,High,Growth,3
677915,1656182,Medium,0.7,0.1,375,0.94,High,Growth,6
498400,4511519,Low,-0.83,-0.04,989,0.79,Medium,Growth,4
178381,2103679,High,-0.29,-0.05,198,0.82,High,Growth,7
816552,1832465,Low,0.36,-0.07,589,0.58,Medium,Growth,10
407851,4330258,Medium,-0.45,0.1,537,0.74,Medium,Decline,3
393822,3273584,Medium,0.66,0.13,871,0.86,High,Stable,6
647597,4821165,High,0.48,-0.02,487,0.64,Medium,Stable,10
799362,2756807,Medium,0.58,-0.09,114,0.6,Medium,Decline,9
847210,2959244,Low,-0.76,-0.08,405,0.66,Medium,Stable,10
717861,986040,High,-0.72,0.19,582,0.62,Medium,Growth,1
949145,422918,Medium,-0.43,-0.01,301,0.61,High,Growth,3
969612,3038613,Medium,0.04,0.13,284,0.71,Low,Stable,2
538121,2345909,Low,0.5,0.09,276,0.95,Low,Growth,8
86382,4162442,Low,0.67,0.01,574,0.75,Medium,Growth,7
796714,216739,High,0.41,-0.04,362,0.59,Medium,Stable,2
912219,1386585,Medium,0.86,-0.06,98,0.54,Medium,Decline,6
73341,880316,Low,0.48,0.08,167,0.85,Low,Stable,3
719727,3634550,High,-0.39,0.13,103,0.69,Medium,Stable,8
956399,3589866,Medium,-0.47,0.09,699,0.91,High,Stable,10
276280,1466853,Medium,0.39,0.06,614,0.83,High,Stable,3
705354,1114929,High,-0.61,-0.09,93,0.9,High,Decline,10
250940,1666847,High,-0.81,0.19,864,0.64,Low,Decline,9
455218,2520564,Low,0.06,0.14,102,0.85,Medium,Growth,1
833540,2682569,Medium,0.64,-0.01,635,0.63,Medium,Growth,5
660108,1580035,Medium,-0.8,0.19,607,0.97,Medium,Stable,3
109949,288456,Medium,0.58,0.08,574,0.82,Low,Growth,6
458916,2753093,High,0.62,0.07,726,0.66,Low,Decline,10
784665,3403457,Low,-0.04,0.12,151,0.63,Low,Growth,2
636831,4185412,Medium,-0.89,0.14,841,0.6,Low,Growth,9
996822,4522808,High,-0.65,0.1,819,0.85,High,Growth,6
533075,4867348,Medium,0.41,-0.06,898,0.61,Low,Stable,7
864042,816756,Low,0.42,0,917,0.8,Low,Growth,5
836166,151226,Medium,0.8,0.18,447,0.63,Low,Decline,9
562472,3851198,Low,0.17,-0.03,187,0.83,Medium,Decline,1
778734,3721509,Low,-0.75,0.01,724,0.91,Medium,Decline,5
377370,3238145,Medium,-0.76,0.03,970,0.89,Medium,Decline,10
881599,3997611,Medium,0.44,0.03,436,0.88,High,Growth,6
258851,1326476,Low,-0.63,0.08,160,0.59,High,Stable,7
209011,4284056,High,-0.34,0.18,663,0.54,Low,Decline,4
504581,672212,Low,-0.03,-0.03,66,0.85,Medium,Decline,1
117381,4518441,Medium,-0.95,-0.06,829,0.68,High,Stable,8
883142,1600844,Medium,-0.5,-0.04,231,0.72,Medium,Stable,10
328910,1029168,High,-0.18,0.17,933,0.52,High,Decline,4
152416,3543609,Low,-0.44,0.09,585,0.63,High,Decline,3
587068,463476,Low,-0.73,-0.01,590,0.52,Low,Stable,7
98458,1500283,Low,0.46,0.14,220,0.94,Low,Decline,2
892653,791757,Medium,0.63,0.16,458,0.62,High,Decline,8
561714,490719,Low,-0.49,0.15,789,0.78,Low,Growth,6
551608,1627937,High,0.55,0.18,427,0.52,High,Stable,7
837941,1249947,Medium,-0.23,-0.02,237,0.83,High,Growth,5
401637,3437920,Medium,0.01,0.13,907,0.66,Medium,Growth,9
477562,3396050,Low,0.71,0.04,279,0.95,Low,Stable,5
953282,2218324,High,0.5,0.15,882,0.94,Low,Growth,5
227946,2778932,Medium,0.61,0.12,901,0.66,Low,Decline,3
993652,976031,Medium,-0.73,0.13,168,0.95,Medium,Growth,1
81533,1370896,Low,-0.86,0.1,205,1,Medium,Stable,2
944576,3663706,Low,0.79,-0.05,833,0.91,Medium,Decline,8
434546,1159622,High,-0.22,0.06,736,0.92,Low,Decline,1
914899,4522375,Low,-0.42,0.2,514,0.62,Low,Decline,7
313503,478165,High,0.45,0.18,153,0.79,Low,Decline,5
169119,808662,Medium,0.67,-0.09,653,0.53,Medium,Growth,3
271140,4231479,High,0.72,-0.05,747,0.55,Medium,Growth,7
332488,1112117,High,-0.37,-0.06,844,1,High,Decline,9
954931,745188,High,0.7,0.12,551,0.66,Medium,Stable,2
381922,515008,Medium,-0.92,0.15,742,0.87,High,Decline,8
332745,1731993,Low,-0.9,-0.04,731,0.9,Low,Growth,9
295840,3451278,Medium,0.25,0.05,748,0.93,Medium,Decline,3
986620,2442035,Low,-0.87,0.15,224,1,Low,Growth,2
762345,2868362,High,-0.35,0.12,783,0.62,Low,Decline,7
413157,3126768,High,0.35,0.06,794,0.52,Low,Stable,5
822470,1270365,High,-0.33,0.08,723,0.71,Low,Decline,5
561545,779418,High,-0.64,0.05,470,0.57,Medium,Stable,10
342926,4995084,High,-0.44,-0.01,183,0.51,Low,Stable,5
685383,1711754,Low,-0.08,0.07,440,0.68,High,Decline,4
493035,1214593,Low,-0.05,0.11,785,0.89,Medium,Stable,5
409267,1326952,High,0.57,0.16,550,0.78,Low,Stable,4
880890,4951188,Medium,0.5,0.09,714,0.66,Medium,Growth,6
960657,2821864,Medium,-0.09,0.13,82,0.83,High,Growth,4
713440,4047208,High,0.69,-0.05,104,0.62,Low,Stable,2
739317,3038496,Low,-0.77,0.04,568,0.51,High,Decline,9
457124,3975754,Medium,-0.49,-0.1,805,0.88,Low,Stable,2
408332,2804999,Medium,0.66,-0.03,874,0.81,High,Decline,9
801240,3094200,Medium,-0.24,0.12,687,0.88,Low,Growth,10
171292,1424070,High,0.96,0.2,61,0.52,Medium,Decline,6
140570,3290914,Medium,-0.07,-0.07,577,0.92,Low,Stable,9
534540,2624388,Medium,0.58,0.02,769,0.81,Medium,Stable,9
173791,1758987,Medium,-0.2,0.14,604,0.78,Low,Stable,3
542545,3976274,Medium,-0.15,-0.04,422,0.81,Low,Stable,1
565689,2937981,Low,-0.23,0.07,533,0.93,High,Stable,1
961723,1761793,High,0.44,0.12,696,0.79,High,Decline,3
934807,716036,High,0.1,0.08,277,0.79,High,Stable,5
612602,3491418,Low,0.89,-0.04,672,1,Low,Growth,3
806349,528988,Low,-0.5,0.01,356,0.88,Low,Stable,9
780281,4184752,High,-0.8,0.14,506,0.72,Low,Decline,9
526984,4474857,Medium,-0.21,0.07,209,0.85,Medium,Stable,3
421024,4855000,Medium,0.23,-0.1,380,0.69,Medium,Stable,3
412470,3077590,High,0.72,0.13,825,0.61,Low,Decline,5
196903,3397291,Medium,-0.31,-0.09,274,0.8,High,Stable,2
957458,3902429,Low,0.31,0.12,778,0.96,High,Decline,6
987629,4994287,Medium,-0.3,-0.04,553,0.96,High,Stable,7
898883,2590706,Medium,0.23,0.19,505,0.67,Low,Growth,9
95708,1291902,Medium,0.77,0.01,94,0.76,High,Stable,6
854114,2592118,High,-0.54,0,263,0.61,Low,Decline,3
414550,3837973,Low,-0.19,-0.06,108,1,Medium,Growth,5
526040,2302575,Medium,0.99,-0.01,693,0.99,High,Decline,4
216866,564071,High,0.74,0.16,665,0.82,Medium,Stable,5
371516,4481137,Medium,0.13,0.2,244,0.9,High,Growth,8
613765,875435,Low,0.03,0.01,974,0.86,Low,Decline,8
533157,2274606,Medium,-0.43,0.03,538,0.8,Low,Growth,6
219809,3598472,Low,0.03,0.12,206,0.53,Low,Growth,1
183692,3106316,Medium,0.7,0.17,659,0.73,Low,Decline,8
544166,1664718,Low,0.37,0.08,275,0.84,High,Growth,8
808529,2234793,Medium,-0.42,0.02,461,0.84,Medium,Decline,2
827393,1702575,Low,-0.6,0.02,254,0.69,Low,Growth,4
216129,3913270,Medium,-0.47,0.11,128,0.97,High,Growth,2
784750,4906425,Medium,-0.66,-0.1,173,0.58,Medium,Growth,4
103024,2478837,High,-0.81,0.09,520,0.75,Low,Stable,10
452893,1624102,High,-0.16,0.01,989,0.85,Medium,Stable,7
225183,3290541,Low,-0.77,0.14,267,0.85,Low,Decline,9
205146,764180,Medium,-0.66,-0.07,565,0.82,Medium,Growth,8
592112,2483366,Low,0.09,0.08,651,0.64,Medium,Decline,9
968269,2135848,High,-0.67,0.04,153,0.58,Low,Stable,8
568534,2539855,Low,-0.87,0.09,442,0.82,High,Stable,2
933583,304615,Low,-0.37,-0.08,680,0.8,Medium,Stable,7
98926,1625233,High,-0.56,0.07,694,0.59,Low,Stable,2
217932,3996022,Medium,0.03,0.07,873,0.85,Medium,Decline,2
325119,1903740,Low,-0.8,0.07,657,0.73,Medium,Growth,4
911309,4068222,High,0.5,0.08,483,0.83,High,Decline,1
799037,3168893,Medium,0.81,0.1,380,0.92,Medium,Growth,5
914302,938003,High,0.49,0.14,192,0.58,Medium,Stable,6
819741,3533382,Low,0.07,-0.02,849,0.51,Low,Growth,9
655659,381570,Medium,0.72,0.15,589,0.89,Low,Stable,10
731908,3282993,Medium,0.39,0.05,327,0.8,High,Decline,8
413114,4181082,High,-0.98,-0.08,282,0.85,Medium,Growth,2
533791,3495049,High,-0.21,-0.08,578,0.92,Medium,Decline,1
672354,166150,High,0.7,0,620,0.9,Medium,Stable,2
744096,2534206,Medium,-0.31,0.14,139,0.98,High,Decline,7
111562,659723,Medium,-0.93,0.11,541,0.77,Medium,Stable,4
352553,2647500,Low,0.49,0.14,248,0.74,Low,Stable,10
846266,3455745,Medium,0.6,0.06,411,0.7,High,Stable,5
676480,1099554,Low,-0.68,0.03,490,0.58,Low,Decline,7
575128,4293060,High,0.07,-0.06,75,0.79,Low,Decline,3
784769,4258634,High,-0.62,0,74,0.64,High,Growth,10
81568,234055,Medium,0.44,0.03,443,0.96,Low,Growth,2
847278,776022,High,-0.46,-0.07,556,0.79,Medium,Decline,7
711259,909942,High,-0.37,-0.03,350,0.8,High,Decline,5
660326,3979275,Medium,0.69,0.08,388,0.68,Low,Decline,1
247173,796358,Low,-0.05,0.12,316,0.53,Medium,Decline,1
179789,3695790,Medium,0.34,0.2,510,0.52,Medium,Stable,9
419604,1941648,Low,-0.2,0.18,742,0.71,Low,Stable,5
551994,1788472,Medium,-0.4,0.09,505,0.54,Medium,Stable,1
124723,3928433,Medium,0.25,0.03,409,0.8,High,Decline,7
813043,2835264,High,-0.69,0.09,117,0.94,Low,Stable,9
416338,4548748,Medium,-0.25,0.14,912,0.94,Medium,Stable,1
947849,2800713,Medium,-0.58,-0.06,461,0.83,Medium,Growth,10
971815,2408989,Low,0.39,0.02,540,0.61,Low,Growth,4
815110,4237270,High,0.89,0.15,882,0.93,Low,Stable,3
631176,4417922,Low,0.99,0.02,98,0.94,Low,Stable,5
878048,4215625,Low,-0.1,0.07,736,0.6,Low,Stable,7
757494,559297,High,-0.49,0.08,613,0.87,High,Decline,8
534441,1120154,High,-0.11,-0.04,151,0.64,Low,Growth,2
842515,4177151,High,0.69,0.01,265,0.9,High,Growth,7
717958,4834963,Medium,-0.59,0,487,1,High,Growth,1
394620,2903696,High,0.9,-0.09,749,0.52,Low,Stable,7
142416,2193373,High,-0.32,-0.09,618,0.95,High,Decline,8
839012,2472280,High,0.97,0.15,608,0.81,Low,Growth,2
697122,3016623,Low,0.68,-0.02,208,0.99,Low,Growth,9
686436,2806871,Low,0.62,0.06,538,0.73,Medium,Decline,1
762755,970123,Medium,-0.36,-0.01,735,0.92,Low,Stable,6
878753,3086249,Low,-0.98,0.18,291,0.53,Medium,Stable,1
845818,1959582,Medium,-0.24,-0.02,843,0.67,High,Growth,3
365315,4544499,Low,-0.4,0.03,802,0.53,Medium,Growth,6
200594,2229885,High,-0.93,0.16,931,0.99,High,Decline,3
770892,4820642,Low,0.01,0.15,54,0.91,Low,Growth,8
534976,2307148,Medium,-0.19,-0.04,645,0.93,High,Decline,5
982139,4852525,Low,0.27,0.14,869,0.97,High,Growth,2
968175,649239,High,0.24,0.04,410,0.54,Low,Growth,4
83545,656701,Medium,-0.76,0.04,508,0.69,High,Growth,9
235151,3147569,High,0.95,-0.06,297,0.54,Low,Stable,4
863287,4728120,High,-0.63,-0.08,615,0.61,Medium,Decline,10
85790,1370464,Medium,-0.11,0.12,722,0.61,Low,Decline,10
625300,885332,High,-0.02,0.05,995,0.73,Low,Stable,8
167827,867950,High,0.63,0.03,471,0.63,High,Stable,5
310123,266472,Low,-0.8,0.12,972,0.55,Medium,Stable,10
64260,497710,High,-0.14,0.13,787,0.58,Low,Decline,1
246211,4417048,High,0.26,-0.05,64,0.57,Medium,Growth,7
837506,3288729,High,-0.57,0.08,785,0.99,Medium,Stable,3
485892,4885956,High,0.25,-0.06,622,0.88,High,Stable,10
190547,2950171,Medium,0.85,0.13,171,0.98,Low,Stable,8
259486,1010775,Low,1,0.1,326,0.72,High,Growth,3
196192,2696874,High,-0.94,0.19,607,0.64,Low,Growth,1
466363,658924,High,-0.53,-0.08,502,0.9,Medium,Stable,5
314130,3981185,Medium,-0.38,-0.08,439,0.66,Low,Growth,2
814489,4473656,High,-0.2,-0.02,343,0.65,Low,Stable,4
737790,4112595,Medium,-0.52,-0.02,623,0.62,Medium,Growth,1
812857,2390435,Low,-0.59,-0.03,647,0.56,Medium,Decline,9
105479,531413,Low,0.91,0.17,495,0.63,Low,Decline,6
526182,1452564,High,0.84,-0.03,259,0.68,High,Growth,8
442977,2524050,High,-0.91,-0.02,639,0.84,Low,Decline,4
314320,4265100,High,-0.32,0.13,763,0.53,Medium,Decline,9
658546,963561,Medium,-0.19,0.03,351,0.61,High,Decline,2
289423,402186,High,-0.52,0.13,958,0.9,Medium,Stable,9
427332,3307393,High,0.26,-0.08,272,0.57,Medium,Growth,5
134153,3928464,Low,0.28,0.05,783,0.67,High,Growth,6
767278,1126553,High,0.7,-0.09,52,0.93,Medium,Growth,3
833930,1335202,Low,0.48,-0.08,567,0.58,Medium,Decline,4
470331,245271,High,0.09,0.17,142,0.54,Medium,Stable,6
808272,2315685,Low,0.31,-0.06,569,0.74,Medium,Growth,7
127442,3843797,High,-0.45,0.06,477,0.65,Medium,Decline,1
876434,1614542,Low,0.19,0.02,542,0.78,Medium,Stable,7
107124,4280656,Medium,-0.02,0,284,0.9,Medium,Stable,1
974114,3030184,Low,-0.73,0.17,669,0.57,Medium,Growth,5
361896,176898,Low,-0.51,-0.09,210,0.79,Medium,Growth,6
309488,3395097,Low,-0.42,0.1,770,0.75,Low,Decline,2
128947,388316,High,0.85,0.19,801,0.57,Low,Growth,10
955404,2108954,High,-0.54,0.07,380,0.81,Medium,Decline,9
911148,1929553,High,-0.42,0.18,382,0.64,Low,Stable,10
491209,4188657,Medium,-0.26,-0.08,99,0.74,High,Stable,6
846505,3141341,Medium,0.33,0.03,572,0.54,Low,Stable,7
873683,1139504,Low,-0.76,-0.02,912,0.73,Medium,Stable,10
146496,4187810,Medium,0.91,0.12,717,0.65,Medium,Growth,8
776797,2205058,Low,0.73,0.19,541,0.91,Low,Growth,10
875329,1775843,Low,0.15,-0.02,631,0.53,Medium,Decline,1
363760,134701,Low,0.35,0.1,730,0.71,High,Decline,8
312037,3329028,Medium,-0.97,-0.04,321,0.73,High,Decline,4
551935,1821610,High,-0.32,0.07,629,0.86,Medium,Decline,10
840914,2280712,Medium,0.59,0.04,916,0.79,High,Decline,8
420134,2439767,Low,-0.85,0.19,301,0.83,High,Stable,6
272036,2714235,Low,-0.44,0.08,609,0.89,Low,Stable,9
516152,591036,Medium,0.17,0,745,0.93,High,Stable,4
744934,427304,Low,-0.49,-0.07,881,0.66,Low,Decline,2
879716,2562616,Low,0.87,-0.05,748,0.77,Medium,Stable,2
385076,2810241,Medium,-0.74,-0.03,139,0.92,Low,Stable,5
319482,3533803,Medium,0.59,-0.02,495,0.99,Medium,Stable,10
223790,1242953,Medium,0.02,0.16,381,0.94,Medium,Stable,9
193572,4061352,Low,0.5,0.07,188,0.69,Medium,Growth,3
192617,4078702,Low,-0.38,0.06,406,0.6,Medium,Decline,8
635768,4159175,High,0.03,-0.07,650,0.74,Medium,Decline,4
710601,426916,High,0.71,0.16,323,0.87,Low,Growth,6
270386,3697706,Medium,-0.07,0.12,68,0.75,Medium,Stable,10
990325,4606554,High,-0.28,-0.08,360,0.74,High,Stable,6
54695,705409,Low,0.07,0.11,919,0.92,High,Stable,3
782426,1174135,High,0.43,0.06,935,0.68,Medium,Decline,5
588606,3089179,Low,-0.11,-0.08,203,0.93,High,Decline,3
887366,1825690,Medium,0.88,0.04,439,0.7,Low,Decline,1
465547,3380772,Medium,-0.41,0.05,309,0.66,Low,Decline,7
433426,4257893,Low,-0.05,-0.05,669,0.73,Medium,Decline,4
758032,503119,High,0.51,0.18,932,0.88,Medium,Growth,7
141891,4266769,Medium,0.38,0.15,846,0.56,Medium,Decline,3
520076,4420295,Medium,0.73,0.1,620,0.6,High,Stable,5
799045,502732,High,0.99,0.04,174,0.98,High,Decline,5
118754,606079,High,-0.15,0.02,403,0.59,Low,Growth,2
922109,2050013,Low,-0.78,0.1,322,0.78,High,Stable,10
938752,2723836,High,-0.94,0.06,668,0.79,Low,Growth,2
446053,1232658,High,0.45,-0.08,860,0.74,High,Stable,4
437405,2085209,High,0.75,0.05,294,0.82,Low,Decline,4
563904,4422626,Low,-0.56,0.14,897,0.61,Medium,Growth,4
417482,756951,Low,-0.68,0.04,499,0.78,High,Stable,6
614365,111303,Medium,-0.88,-0.08,979,0.69,Low,Decline,2
392059,1310209,Low,0.65,0.14,296,0.83,High,Stable,6
709599,3579591,Medium,-0.38,-0.04,569,0.57,Medium,Growth,7
291504,2466610,High,-0.2,-0.02,190,0.79,Low,Growth,10
341813,4280303,Medium,0.01,-0.05,411,0.59,High,Growth,3
885056,1168199,Medium,0.68,0,57,0.64,High,Growth,8
911579,4276224,High,0.3,0.13,527,0.61,Medium,Decline,2
709510,4784346,Medium,0.23,0.06,401,0.59,Medium,Stable,8
716469,558298,Low,-0.65,-0.04,544,0.91,Low,Decline,5
805110,1147343,Low,0.03,0.16,655,0.64,High,Growth,2
731376,205228,Low,0.43,0.16,882,0.96,High,Stable,7
717296,4720650,Low,0.95,0.16,476,0.98,Medium,Growth,2
192108,1855692,Medium,-0.6,-0.03,88,0.79,Medium,Decline,6
195093,984056,Medium,-0.98,0.04,642,0.57,Low,Decline,10
563694,1830228,High,-0.85,0.2,236,0.69,High,Decline,3
873375,2046793,Medium,-0.25,0.13,645,0.9,High,Stable,9
163694,1669123,Medium,0.64,-0.09,649,0.68,Low,Stable,3
284456,3379269,Medium,-0.99,-0.08,803,0.54,Low,Growth,3
262079,1826470,High,-0.09,0.04,903,0.78,Medium,Stable,5
294269,3440420,Low,-0.34,0.17,142,0.92,Medium,Stable,7
493232,148874,Medium,-0.9,0.06,135,0.9,Low,Decline,8
466460,1722572,High,-0.1,0.05,93,0.59,Low,Growth,7
506243,3320281,High,-0.49,-0.07,186,0.84,High,Decline,9
819673,2789784,High,-0.3,0.1,470,0.61,Low,Growth,5
173351,809662,Low,0.41,0.15,123,0.61,Low,Growth,10
351129,4972554,Medium,0.04,0.01,597,0.94,High,Stable,3
969006,570452,High,-0.75,0.13,662,0.62,Low,Decline,6
890268,2239686,Low,0.92,0.19,561,0.63,Medium,Stable,5
936146,2692670,High,0.27,-0.04,205,0.5,Medium,Stable,4
578058,4910833,High,0.53,0.06,987,0.94,High,Stable,2
879297,542061,High,-0.84,-0.01,304,0.9,Low,Growth,7
103811,3434732,High,-0.91,0.14,220,0.81,Medium,Decline,5
316145,3861675,High,-0.96,0.07,777,0.88,Medium,Decline,4
635136,2361286,Low,-0.62,0.09,219,0.58,Medium,Stable,8
102635,588972,Medium,-0.17,0.14,813,0.73,Medium,Growth,9
70946,1223994,Medium,0.87,0.02,921,0.68,Low,Decline,9
670140,3181328,Medium,-0.09,0.17,371,0.55,Low,Decline,3
403247,4198064,Medium,-0.42,0.06,616,0.74,Low,Stable,3
535260,2717703,Low,0.12,-0.05,505,0.96,Low,Growth,5
880176,263038,Low,-0.78,0.11,993,0.52,Medium,Stable,5
167729,4063735,Low,0.22,0.14,652,0.65,High,Decline,10
744519,1474572,High,0.14,0,839,0.6,High,Growth,2
335815,2455874,High,0.58,0.16,662,0.62,Medium,Stable,1
721810,700530,High,0.97,0.17,204,0.95,Medium,Decline,8
982412,3748966,Medium,-0.5,-0.02,938,0.73,High,Stable,3
500491,1177833,High,0.02,0.2,398,0.73,High,Stable,1
478734,2677640,Medium,0.82,-0.06,500,0.88,Medium,Stable,1
369957,535423,High,0.57,-0.04,925,0.58,Medium,Growth,2
146748,1292929,Medium,-0.03,-0.04,702,0.74,Low,Decline,6
813580,423390,High,0.89,0.17,222,0.71,Low,Decline,6
450022,1764221,High,-0.89,0.1,59,0.8,High,Decline,3
679021,4168316,Low,0.86,-0.05,789,1,Medium,Decline,4
176865,1756671,High,-0.9,0.03,314,0.88,High,Growth,2
395695,238563,High,0.09,0.08,487,0.7,Low,Stable,2
965767,883066,Low,0.78,-0.07,809,0.91,Low,Decline,7
351364,1654623,Medium,-0.47,0.16,296,0.59,High,Growth,1
329302,4999856,Low,-0.06,0.14,716,0.52,Low,Stable,7
917424,4155957,Low,-0.35,0.05,595,0.6,Medium,Growth,1
995092,697897,Medium,0.9,0.19,548,0.67,High,Growth,6
636864,4041237,High,0.65,0.03,178,0.76,Medium,Decline,3
924459,872800,Medium,0.42,0.2,721,0.81,Medium,Decline,8
205260,2142999,High,0.18,0.1,650,0.96,Low,Stable,6
273687,3622554,High,0.64,0.09,654,0.75,Medium,Stable,2
370974,3759985,Medium,-0.22,-0.05,376,0.75,High,Decline,8
709379,2002897,Low,-0.1,0.16,802,0.53,Medium,Growth,5
62419,3676511,Medium,0.46,0.03,884,0.52,Medium,Decline,8
607985,1263950,High,-0.28,-0.05,453,0.78,Medium,Stable,8
397076,649148,Medium,-0.87,-0.1,678,0.72,Medium,Growth,6
431856,2873707,Medium,-0.85,0.07,655,0.92,Medium,Growth,2
547784,4778394,High,-0.77,0.06,724,0.58,Low,Growth,8
669716,2873939,Low,0.74,0.12,660,0.51,High,Decline,6
713333,2035740,Medium,-0.06,0.17,674,0.72,Low,Decline,6
813361,3534955,High,0.43,-0.08,408,0.62,High,Stable,8
660937,2845226,High,-0.21,0.12,652,0.52,High,Growth,1
434793,3277326,Medium,-0.48,-0.04,907,0.86,High,Growth,2
323280,1654510,Low,-0.31,0.16,767,0.56,High,Decline,9
921171,1930815,Medium,0.59,0.15,66,0.8,High,Stable,8
898934,3863122,Low,0.25,0.06,323,0.64,Medium,Stable,7
212357,2486378,Low,0.88,0.11,734,0.59,Low,Growth,7
859471,4521590,Low,0.36,-0.01,165,0.69,Low,Decline,5
903152,2634937,Low,0.14,0.04,910,0.9,Medium,Growth,2
173168,3257473,Medium,0.22,0.15,742,0.7,High,Decline,6
662551,912461,High,0.88,0.04,140,0.88,Low,Stable,10
109155,4527036,High,0.58,0.01,131,0.56,Medium,Growth,3
66911,4155555,High,-0.95,0.05,373,0.89,Medium,Growth,4
575204,1818224,High,0.07,0.15,163,0.62,Low,Growth,10
895484,2810626,High,0.38,0,818,0.84,Low,Stable,2
512326,1024044,High,0.5,-0.05,107,0.78,High,Growth,2
806983,3081352,Medium,-0.57,0.11,203,0.96,High,Stable,8
329934,1486652,Low,0.73,0.15,926,0.69,Low,Decline,8
526377,385555,High,0.91,-0.07,453,0.53,High,Stable,10
448422,544191,Medium,-0.53,-0.03,677,0.51,Medium,Decline,6
171937,1602337,High,0.77,-0.06,904,0.91,High,Stable,5
135053,3586669,High,-0.81,0,315,0.76,High,Stable,8
362094,1020597,Low,-0.89,0.04,364,0.89,Medium,Growth,4
428355,2143338,Low,-0.74,0.12,764,0.62,High,Stable,4
892793,3822946,Low,-0.88,0.1,90,0.67,Medium,Growth,5
897883,1586205,High,0.69,0.09,154,0.52,High,Decline,1
349840,2965899,High,-0.88,0.01,950,0.98,Low,Decline,1
524857,324695,High,-0.46,0.15,939,0.83,High,Growth,2
676683,3081467,Low,-0.79,0.04,242,0.97,Low,Decline,8
960553,3541628,Medium,-0.41,0.19,450,0.63,Low,Stable,7
883160,1201844,High,-0.82,0.09,327,0.81,Low,Growth,10
367545,4867493,High,0.34,-0.06,403,0.84,Low,Growth,9
247298,1510706,High,-0.73,0.1,798,0.66,Low,Growth,5
599391,3440216,Medium,0.7,0,986,0.92,Medium,Decline,2
477479,3933284,High,0.63,0.11,782,0.97,Medium,Decline,7
832065,4957088,Medium,-0.97,-0.08,629,0.94,Medium,Stable,8
519837,1947865,High,0.79,-0.05,758,0.87,Low,Stable,7
362188,1019484,Medium,-0.94,0.16,305,0.64,High,Growth,7
632018,4997954,High,-0.52,-0.03,700,0.64,Medium,Stable,5
75825,4117136,Low,-0.94,0.15,873,0.98,High,Decline,2
781616,444855,Low,-0.33,-0.02,996,0.51,High,Stable,6
547393,1174961,Low,0.03,0.09,710,0.86,Low,Decline,4
87271,4725678,Low,0.59,0.11,148,0.85,Low,Stable,10
127256,3661963,High,-0.32,0.05,637,0.81,Low,Decline,2
489948,2477935,Low,0.41,-0.01,331,1,Medium,Decline,9
116433,1234106,Medium,-0.62,-0.04,932,0.66,Low,Stable,7
787990,4578011,Low,0.5,-0.09,452,0.67,Medium,Stable,6
151999,2574968,Low,-0.53,-0.01,158,0.54,Medium,Decline,5
806350,2542266,Low,-0.71,0.1,749,0.72,Medium,Growth,3
597860,4537677,High,-0.63,0.18,248,0.63,Medium,Stable,10
612834,4642001,Low,-0.64,0.16,352,0.67,Low,Decline,10
982654,1318758,Medium,0.03,0.13,376,0.92,Medium,Stable,4
890597,1755743,Low,0.69,0.14,203,0.97,Low,Stable,3
900122,4077019,Low,-0.84,0.1,601,0.59,Low,Stable,8
496880,3168281,Low,0.41,-0.02,694,0.69,Medium,Stable,3
525551,4625208,Medium,0.31,0.17,454,0.96,Low,Stable,7
780559,618349,Low,0.75,0.1,511,0.53,High,Growth,7
571727,2981990,Medium,-0.51,0.07,181,0.55,Low,Growth,7
86948,897968,Medium,-0.1,-0.07,840,0.58,Low,Growth,7
863439,179083,Low,0.85,0.03,923,0.8,Medium,Decline,2
675107,2755971,Medium,0.32,0.04,133,0.58,Medium,Growth,10
403351,4097615,High,-0.22,0.16,448,0.98,Low,Growth,3
534137,2974299,Low,-0.74,0.06,803,0.72,Medium,Decline,10
913204,4948341,Low,-0.48,0.01,677,0.75,High,Growth,9
596312,1904673,Medium,0.16,0.19,158,0.62,High,Stable,3
817768,3038199,Medium,0.44,-0.07,270,0.74,Medium,Growth,2
657200,709996,Low,-0.75,0.03,953,0.83,Low,Growth,9
829521,878513,High,0.2,-0.09,602,0.88,High,Growth,10
283746,3403389,Medium,0.1,0.12,417,0.88,High,Stable,9
461373,4454385,Medium,0.03,0.18,196,0.79,Low,Stable,4
835427,488590,High,0.38,-0.02,161,0.95,Medium,Stable,9
921913,1865982,High,0.67,0.16,664,0.91,High,Stable,3
545336,2878655,Low,-0.35,-0.01,607,0.88,Low,Decline,7
400697,3251882,High,0.78,0.17,973,0.53,Low,Stable,7
707116,3310016,Low,-0.68,0.13,543,0.5,High,Stable,8
281749,2479877,High,-0.65,0.14,554,0.61,Medium,Stable,10
676776,2489383,Medium,-0.47,-0.09,524,0.83,High,Stable,4
671029,264053,Low,-0.76,0.19,885,0.71,Low,Decline,3
763411,4887890,Low,-0.54,0.12,939,0.7,High,Growth,3
281773,1536536,Low,-0.79,-0.01,320,0.94,Medium,Growth,5
390354,2642637,High,0.64,0.15,470,0.95,Low,Stable,1
224166,3490926,Medium,-0.72,-0.02,946,0.95,Medium,Stable,10
552066,3713263,Low,0.49,0.16,756,0.66,High,Stable,3
793249,4258549,Low,-0.9,-0.07,416,0.85,High,Growth,6
447751,1446208,Low,0.9,0.11,329,0.64,Medium,Growth,3
499251,4630889,Low,0.42,0.06,332,0.6,High,Stable,5
566031,1878599,Medium,-0.99,-0.07,89,0.59,Medium,Growth,9
97367,122431,High,0.53,-0.03,238,0.67,High,Decline,2
812832,1343131,Medium,0.03,-0.1,213,0.71,Medium,Stable,2
984622,747008,Low,0.56,0.04,585,0.92,Medium,Stable,6
503028,673441,Medium,0.04,-0.01,585,0.56,Low,Decline,6
634172,4562816,Low,0.28,0.08,53,0.87,Low,Decline,8
509384,4470380,High,0.57,-0.01,884,0.77,Medium,Growth,2
718640,2149949,High,-0.19,-0.01,339,0.64,High,Decline,9
457962,1368300,High,-0.99,0.12,482,0.75,High,Stable,2
414716,2047763,Low,0.7,-0.09,520,0.65,High,Growth,1
627539,1729849,Medium,-0.24,0.17,230,0.8,Medium,Decline,10
134821,1985077,High,-0.01,0.16,297,0.72,Medium,Growth,2
657871,3982149,Low,-0.98,0.1,677,0.58,Medium,Growth,7
294697,4973062,Low,-0.02,0.08,328,0.56,Medium,Growth,8
60207,150861,Medium,0.97,0.17,926,0.77,Low,Growth,5
776487,4945710,High,-0.44,-0.04,630,0.95,Medium,Decline,6
77757,4100737,Low,-0.21,-0.08,912,0.67,High,Stable,1
983730,821001,Medium,0.37,-0.03,303,0.87,Low,Stable,6
504623,2091083,High,0.63,0.14,230,0.83,High,Decline,8
994710,4619216,Medium,-0.17,-0.09,879,0.97,Medium,Stable,3
725616,1723911,Medium,-0.38,0.07,730,0.91,Low,Growth,1
870254,1543717,Low,0.88,0.2,874,0.78,Medium,Growth,4
312070,4509352,Low,0.35,0.16,558,0.83,Low,Growth,1
91340,2957733,Low,-0.76,0.06,810,0.95,High,Decline,8
292955,1305663,Medium,-0.86,-0.08,749,0.7,Medium,Growth,5
879783,133320,Low,-0.03,0.15,615,0.66,Medium,Growth,1
942743,427025,Medium,-0.56,0.08,375,0.51,Low,Decline,8
649608,464359,Medium,-0.49,-0.07,406,0.91,Low,Growth,9
414709,1408507,Low,0.76,-0.07,874,0.9,Medium,Growth,10
478373,4166621,High,-0.82,0.17,699,0.55,Low,Stable,2
332081,1043187,High,0.43,0.1,729,0.79,Medium,Decline,9
323363,4093710,High,-0.46,0.15,440,0.73,Low,Growth,8
59399,1697690,Medium,0.52,0.16,664,0.56,High,Growth,7
701021,200734,Medium,0.44,0.07,983,0.99,Low,Growth,3
804208,257702,Medium,-0.99,0.06,134,0.61,High,Growth,2
995161,2951274,Low,0.02,0.03,366,0.53,Low,Stable,7
856479,1325811,Medium,-0.72,0,261,0.8,Low,Stable,5
281615,1247087,Low,0.73,0.03,564,0.87,Medium,Stable,6
659981,3181091,Low,0.74,0.13,433,0.52,Low,Stable,4
675219,3929049,High,-0.16,0.08,740,0.83,Low,Decline,2
750251,2803381,High,-0.11,0.17,391,0.77,High,Growth,9
187852,1968670,High,-0.39,0.03,864,0.55,Low,Stable,3
339194,4393122,Low,0.43,0.08,893,0.59,Medium,Growth,7
647839,4446664,Low,-0.28,0.09,87,0.78,High,Decline,8
380810,4913673,Low,-0.46,0.08,560,0.65,Medium,Growth,2
798979,4855469,Medium,-0.14,0.11,469,0.97,Medium,Growth,6
656304,1032817,Low,-0.82,-0.03,800,0.91,Medium,Stable,8
687423,4435702,High,0.49,0.05,218,0.99,Medium,Stable,7
103010,3378360,High,-0.97,-0.07,958,0.63,High,Decline,3
282084,3062732,Low,0.29,0.02,392,0.98,Low,Growth,1
612453,2280338,Low,-0.63,0.05,875,0.72,Medium,Stable,6
323672,2092825,High,-0.54,0.1,355,0.67,High,Stable,8
957272,3932978,Low,0.27,0.19,591,0.53,Medium,Stable,6
230680,4215811,High,0.99,0.08,751,0.53,Low,Decline,5
449130,694604,Medium,0.56,0.12,918,0.85,High,Growth,8
611424,2149927,High,-0.55,0.05,586,0.73,High,Stable,2
978683,3274108,Medium,-0.65,0.09,161,0.61,Low,Growth,1
398152,2831638,Low,0.73,-0.08,460,0.81,High,Decline,1
586364,364500,Low,-0.11,-0.02,996,0.63,Low,Growth,4
960343,2267478,Medium,-0.73,0.01,255,0.79,High,Stable,6
730143,3076031,Low,0.72,0.04,234,0.68,High,Growth,9
953057,739282,Medium,0.63,-0.09,431,0.91,Low,Growth,1
752076,3003633,Low,0.97,-0.06,545,0.91,Low,Decline,1
624586,2040369,High,0.82,-0.02,428,0.74,High,Decline,5
890736,4048242,Low,0.7,0.19,96,0.68,High,Growth,10
915792,1317060,High,-0.89,0,935,0.68,Low,Growth,5
119835,1131519,High,-0.79,0.04,789,0.9,Low,Growth,5
572757,889352,Medium,0.14,-0.04,600,0.66,High,Decline,10
686712,4778714,Low,0.06,0.08,577,0.6,High,Decline,6
713478,1490281,Medium,-0.08,-0.02,553,0.54,High,Growth,8
304394,4041106,Low,-0.21,-0.04,71,0.73,Low,Decline,3
369055,2422466,High,-0.14,0.05,262,0.74,High,Stable,9
153088,1951317,High,0.14,-0.1,359,0.92,Medium,Decline,1
589473,2046830,Low,-1,-0.1,710,0.61,Low,Decline,4
624901,2714150,Low,-0.48,-0.03,802,0.69,High,Decline,9
815372,1668560,Medium,0.04,-0.09,321,0.9,Low,Stable,8
214999,4760061,Low,0.44,-0.07,620,0.91,Medium,Stable,10
312530,2705214,Low,-0.65,0,848,0.69,Low,Stable,9
535369,2329180,Low,0.09,0.14,987,0.73,High,Growth,1
515944,2428599,Medium,0.43,0.07,251,0.65,Medium,Growth,9
342164,1095843,Low,-0.11,0.05,81,0.97,Medium,Stable,3
616966,4288891,High,-0.95,-0.01,492,0.56,High,Growth,10
267767,726045,Medium,-0.1,0.18,211,0.97,High,Growth,9
111394,4131419,Medium,-0.41,0.02,816,0.84,High,Growth,1
774305,4595511,High,0.86,-0.07,303,0.77,Low,Stable,1
689665,1524945,High,-0.75,0.09,570,0.52,Low,Decline,9
696004,1491538,High,0.3,-0.07,700,0.74,Low,Stable,6
237486,2463999,Low,-0.89,0,529,0.7,High,Stable,4
630206,820488,High,-0.11,0.05,59,0.58,High,Growth,7
534497,4890691,Low,0.11,0.16,775,0.83,Low,Growth,5
292556,519065,Medium,-0.4,0.05,554,0.99,Medium,Decline,10
427784,2884372,Medium,-0.09,0.11,834,0.78,Low,Decline,7
734815,4325889,High,-0.67,0.2,885,0.86,Medium,Decline,8
416590,1563807,Low,-0.39,-0.06,609,0.53,High,Decline,8
219807,3192195,High,0.24,-0.02,485,0.71,High,Stable,1
144702,1716449,High,-0.4,0.02,160,0.56,Low,Decline,8
155509,389102,Low,0.8,0.03,202,0.81,Low,Stable,6
405752,1436737,High,0.26,0.02,684,0.97,High,Growth,4
164310,3160006,Medium,-0.12,0.17,966,0.83,Low,Decline,8
979613,2477074,High,-0.92,0.11,918,0.54,High,Growth,3
882234,2897753,Low,0,0.08,151,0.68,High,Growth,4
773380,1190805,Low,0.53,-0.01,802,0.78,Medium,Stable,6
608910,4543778,Medium,-0.47,0.15,882,0.7,Low,Decline,7
159935,4262065,Low,0.61,0.19,240,0.92,High,Stable,4
310440,3110087,Low,-0.5,0.15,778,0.91,Low,Growth,4
167919,360116,Medium,0.65,-0.1,612,0.81,Medium,Decline,7
970101,3068462,High,-0.83,0.09,853,0.69,Medium,Growth,6
746314,3142146,Medium,0.73,-0.08,130,0.63,Low,Growth,8
119519,2718137,High,0,-0.02,538,0.55,Low,Decline,1
761475,4314279,Medium,-0.41,-0.08,944,0.68,High,Decline,10
548204,4452099,High,-0.47,0.08,137,0.71,Medium,Decline,7
306587,3662223,Medium,-0.14,0.11,243,0.84,Medium,Stable,7
198112,1357949,High,1,-0.07,153,0.83,Medium,Stable,7
94772,3071981,Medium,-0.56,0.02,832,0.54,Low,Growth,7
172431,3950241,High,-0.79,0.04,145,0.7,High,Decline,10
932522,4059076,Medium,0.17,0.01,472,0.59,Low,Growth,10
244904,3834340,Low,-0.02,-0.06,940,0.58,Low,Growth,8
208988,3421765,High,0.05,0.03,247,0.91,Low,Growth,9
881303,488076,Medium,0.33,0.13,50,0.52,High,Growth,9
564743,4984797,High,-0.47,-0.08,456,0.71,Low,Growth,2
862804,3209244,High,0.82,-0.08,427,0.58,Medium,Decline,7
89080,4916909,Medium,-0.13,0.01,216,0.94,Medium,Stable,7
156242,2298611,High,-0.74,0.18,558,0.78,Medium,Decline,4
879154,2060826,Medium,0.48,0.1,687,0.62,High,Decline,9
564080,2944664,Low,0.29,0.1,362,0.75,Low,Decline,8
79048,2713275,High,-0.37,0.01,642,0.87,High,Stable,1
659493,1478369,Low,0.24,0.08,467,0.98,Low,Stable,2
977281,2523970,High,-0.56,-0.1,812,0.61,Medium,Stable,2
366855,2190212,High,-0.11,0.09,730,0.94,Low,Decline,8
217403,4271774,High,0.8,0.17,526,0.97,Low,Stable,1
306392,2341984,Medium,-0.73,0.08,122,0.96,Low,Growth,4
70968,252999,Low,-0.23,0.16,190,0.82,High,Stable,10
497185,4642923,High,0.64,0.12,631,0.81,Low,Decline,5
284417,161367,Medium,0.94,-0.06,311,0.7,Low,Decline,9
585580,853315,High,-0.09,0.17,389,0.88,Low,Growth,7
826230,4700108,Medium,0.01,-0.08,357,0.77,High,Stable,8
391603,3105334,High,0.14,0.06,294,0.84,High,Stable,9
823292,2954190,Low,0.86,-0.06,564,0.71,High,Growth,7
886624,1384382,Low,0.72,-0.1,386,0.87,Low,Decline,5
995207,3953321,High,-0.66,0.03,624,0.91,Medium,Decline,5
658481,2754837,Medium,-0.13,-0.01,610,0.57,Medium,Stable,10
643453,3584239,High,-0.07,0.05,125,0.92,Medium,Stable,6
904082,1142377,Medium,0.58,0.07,929,0.77,Low,Stable,5
543197,4677033,High,0.21,-0.09,224,0.92,Medium,Stable,9
966290,3357181,Medium,0.31,-0.06,158,0.72,Medium,Stable,3
675686,1023780,Low,1,0.07,232,0.69,Medium,Decline,3
796470,2966451,High,-0.85,0,241,0.96,Low,Decline,7
934317,2568152,Low,-0.55,0.12,114,0.63,Medium,Decline,7
203329,4507871,Low,-0.18,0.1,898,0.92,Medium,Decline,6
150588,2042811,High,-0.3,0.15,523,0.74,Low,Growth,3
415500,398090,High,-0.96,0.11,832,0.76,High,Decline,7
827110,417348,Medium,-0.82,0.03,149,0.65,Medium,Growth,5
574186,1426283,Medium,0.36,0.1,593,0.79,High,Decline,7
919941,192324,Low,0.76,-0.02,913,0.66,Medium,Stable,2
796633,2420688,Medium,0.03,-0.01,177,0.52,Low,Stable,6
363816,1905808,Medium,0.08,0.14,501,0.64,High,Stable,8
782943,1420567,High,-0.49,0.03,963,0.5,High,Growth,1
562552,4320459,Medium,0.54,0.14,418,0.99,High,Decline,4
334257,4636119,Low,0.5,0.15,900,0.98,High,Decline,1
312838,4115470,Medium,0.18,0.16,92,0.7,Medium,Growth,1
65588,4754798,Low,-0.57,0.17,933,0.86,Medium,Growth,10
767116,3377419,High,-0.81,0.03,468,0.67,High,Growth,8
507301,3722138,Low,-0.87,0,537,0.84,Medium,Growth,7
816719,2640476,Medium,0.19,0.07,127,0.9,High,Growth,10
295456,4329011,High,0.65,0.01,875,0.97,High,Stable,1
766502,1037841,Medium,0.72,0.08,850,0.7,Low,Decline,2
114373,1667053,High,-0.07,0.11,319,0.89,High,Growth,4
922035,2016545,High,0.57,0.11,723,0.63,Medium,Stable,1
580992,2943940,Medium,0.89,0.01,750,1,High,Growth,3
90136,4647603,Medium,-0.45,-0.05,808,0.51,Low,Stable,8
641795,4032441,High,-0.2,0.03,949,0.8,Medium,Growth,8
97361,1307068,High,0.86,-0.06,777,0.83,Low,Decline,8
895279,4464406,Medium,-0.32,0.17,364,0.84,Low,Growth,6
942791,494274,Low,0.83,0,974,0.56,High,Growth,6
192513,4511589,Medium,0.96,-0.05,900,0.97,Low,Decline,5
431050,1486980,High,0.32,-0.09,951,0.59,Low,Decline,9
64677,1308052,Medium,0.63,0.09,938,0.81,Medium,Growth,4
864250,2955994,Low,0.5,0.09,994,0.61,Low,Decline,10
314012,3047762,Medium,0.4,0,217,0.65,High,Decline,7
657879,2493293,High,-0.39,-0.08,388,0.77,High,Stable,1
960394,3140267,Medium,-0.89,0.02,242,0.71,High,Decline,9
379408,3942323,High,-0.31,-0.01,502,0.58,Low,Decline,7
647456,1397076,High,0.33,0.1,332,0.59,Medium,Growth,10
717403,1280887,Medium,-0.79,0.08,385,0.71,High,Growth,9
121939,1907610,High,-0.98,0.01,439,0.88,Low,Stable,7
327876,4539850,High,-0.72,-0.03,574,0.95,High,Growth,2
891676,2848385,Low,0.43,0.2,289,0.54,High,Decline,6
461742,3815288,Low,0.95,0.04,881,0.7,Medium,Decline,10
845772,2024401,Low,0.97,0.11,532,0.55,High,Decline,4
809848,1996220,Low,-0.01,-0.06,708,0.51,Medium,Growth,3
858826,3238744,High,0.74,0.05,765,0.83,Low,Decline,2
410701,246470,Medium,0.47,-0.09,641,0.8,High,Decline,6
185174,1467223,High,0,0.05,940,0.58,Low,Stable,8
545062,1155146,High,0.15,0.19,604,0.62,Low,Stable,6
593447,2528081,High,-0.73,0.02,507,0.51,Low,Stable,9
172366,3779126,Medium,0.88,-0.09,138,0.92,High,Growth,5
246164,3744843,Low,-0.3,-0.09,709,0.99,Medium,Decline,2
842644,4373445,High,-0.11,0.02,144,0.57,High,Decline,8
540576,4306419,High,0.34,-0.05,501,0.62,Low,Decline,9
873837,3284790,Low,-0.33,-0.09,477,0.93,Medium,Stable,10
442776,3006495,High,-0.49,0.13,200,0.96,Low,Decline,4
389205,4241363,Medium,0.26,0.04,563,0.71,Medium,Decline,6
406440,1674833,High,-0.95,-0.01,425,0.53,High,Decline,10
891618,3027337,High,0.44,0.17,71,0.52,Medium,Decline,8
816164,2148891,Low,0.03,-0.07,932,0.79,High,Decline,9
798353,1270439,High,0.21,0.19,362,0.7,Low,Growth,5
435289,3746804,High,0.26,-0.01,889,0.51,Medium,Decline,6
556767,747296,Medium,0.05,0.17,568,0.79,Low,Growth,4
584820,1649302,Low,0.17,0.08,255,0.51,Medium,Decline,5
260126,3222951,Low,0.37,0.15,424,0.89,High,Growth,7
266351,1778687,Medium,0.51,0.2,500,0.65,Medium,Decline,9
378684,900101,High,0.45,-0.01,675,0.52,Medium,Decline,10
153021,4200612,Low,0.74,0.19,833,0.79,High,Decline,6
839703,2059406,Low,-0.62,0.02,644,0.7,High,Decline,6
50209,1064918,High,-0.2,0.02,228,0.99,High,Stable,8
272071,596758,High,0.9,0,259,0.77,Medium,Decline,4
710899,4742929,Low,-0.21,0.06,549,0.64,Low,Growth,3
856409,128625,High,-0.75,-0.05,513,0.85,Medium,Stable,7
255214,2933552,Low,0.05,0.07,889,0.64,Medium,Stable,5
159920,3531961,High,-0.78,0.06,173,0.95,Low,Decline,2
440300,1376647,High,-0.59,0.13,162,0.69,High,Growth,2
411732,4142608,Medium,1,0.15,61,0.77,Medium,Growth,6
380828,4782315,High,0.08,0.03,175,0.53,Low,Stable,8
280144,2627576,Medium,-0.43,-0.01,614,0.71,High,Growth,1
960294,416205,High,0.99,-0.02,380,0.92,High,Decline,6
317751,3145315,Low,0.93,-0.04,950,0.9,Medium,Decline,2
266194,3244480,Low,-0.12,-0.08,332,0.61,High,Decline,2
406930,4395680,High,-0.48,0,189,0.61,High,Decline,7
438550,3670834,High,0.68,-0.02,450,0.91,Low,Decline,10
233011,3030639,Low,0.43,0.19,951,0.97,Low,Stable,1
723954,2964781,High,0.37,0.07,146,0.55,High,Decline,6
501598,4205519,Medium,0.79,0,566,0.73,Low,Decline,7
57399,3717860,Medium,0.38,0.07,618,0.67,High,Stable,8
564242,4452360,Medium,-0.43,-0.06,973,0.94,Medium,Stable,7
701100,4928761,Medium,0.39,0.03,895,0.54,Low,Stable,6
992621,4040285,Medium,-0.39,0.09,118,0.61,High,Growth,9
148662,4757089,High,0.52,0.05,167,0.88,High,Growth,3
345761,2727144,High,0.24,0.02,937,0.53,Low,Decline,6
712858,2925896,Medium,-0.85,0.2,108,0.75,Low,Decline,4
939258,2138540,High,0.03,0.16,82,0.72,Medium,Decline,2
822592,4976872,High,-0.31,0.09,367,0.67,High,Growth,1
966283,2839956,Medium,-0.34,0.07,99,0.7,Medium,Decline,1
423221,2719980,High,0.2,0.09,929,0.76,Medium,Decline,10
887056,821384,High,-0.36,-0.04,538,0.58,Medium,Growth,3
846060,619777,High,0.55,0.02,68,0.79,Low,Stable,4
443545,3799181,Medium,-0.86,-0.09,775,0.9,Medium,Growth,2
350763,2987698,High,0.32,0.04,246,0.88,Low,Decline,1
57032,4330625,Low,0.62,0.06,940,0.58,Low,Growth,4
753454,2532593,Low,0.35,-0.03,499,0.57,Medium,Stable,7
350178,4128812,Medium,-0.01,0.19,608,0.63,Medium,Stable,10
676946,4131464,Low,0.9,0.17,728,0.68,High,Stable,6
957555,3490742,Medium,-0.4,0.12,501,0.7,Medium,Stable,6
565882,256498,Low,-0.96,0.06,338,0.84,High,Stable,9
922590,2987296,Low,-0.14,0.16,190,0.53,Medium,Stable,2
629552,4688887,Low,-0.93,-0.06,133,0.52,Medium,Decline,4
668408,2836582,Medium,0.91,0.14,743,0.7,Medium,Decline,5
97850,1200500,Medium,-0.58,-0.06,440,0.85,Medium,Growth,1
579010,1676590,High,0.58,0.14,640,0.6,High,Decline,8
329916,2061977,Medium,0.55,-0.02,264,0.82,High,Stable,8
398249,4132654,Low,-0.56,0.16,575,0.63,Medium,Decline,6
484895,764468,Low,0.24,0.18,264,0.94,Medium,Growth,5
54576,3460160,Medium,-0.9,-0.06,452,0.95,High,Stable,8
732067,3385727,Medium,-0.03,0.04,177,0.65,Low,Decline,3
411548,980112,Medium,-0.97,0.19,871,0.61,Low,Decline,3
484848,4652994,High,0.84,0.05,526,0.71,Low,Growth,2
615764,3137099,Low,0.95,0.16,809,0.62,High,Stable,5
298292,4374277,High,-0.56,0.08,453,0.84,High,Growth,3
473501,4095609,High,-0.58,0.01,78,0.91,Low,Stable,3
860586,4928426,Low,0.51,-0.01,841,0.84,Low,Stable,6
463270,2142823,Low,-0.49,-0.04,387,0.91,Medium,Decline,8
329309,1148173,Medium,0.79,0.13,880,0.7,High,Growth,2
64439,1602025,Medium,0.15,0.02,763,0.58,High,Growth,4
430355,2691661,High,-0.3,0.05,410,0.87,Low,Growth,7
618806,2012584,Medium,0.67,0.05,618,0.68,Low,Stable,1
269123,3877538,Medium,-0.01,0.07,441,0.84,High,Growth,1
601250,325049,Low,0.82,0.16,267,0.64,Medium,Stable,10
813445,1417191,Low,0.86,0.19,623,0.54,Low,Growth,7
349907,2961509,Medium,-0.67,0.02,718,1,High,Growth,7
166189,847419,Low,-1,0.15,251,0.58,High,Decline,1
160290,1179924,Medium,0.97,0.13,66,0.99,Medium,Growth,1
947246,2480932,Low,0.81,0.07,371,0.99,Medium,Decline,4
855896,1754753,Low,-0.89,0.19,567,0.9,Low,Decline,5
173980,504772,Low,0.67,-0.04,619,0.83,Low,Stable,5
277021,1815499,Low,-0.08,-0.07,374,0.79,Low,Growth,4
738630,671107,Medium,-0.48,0.16,461,0.93,High,Growth,8
92299,2175406,High,0.76,0.03,367,0.64,Low,Growth,7
791165,2617334,Low,-0.61,0.15,730,0.73,High,Decline,9
81541,2186213,Medium,0.89,0.17,131,0.81,Low,Growth,7
385689,3458509,Medium,-0.59,-0.08,523,0.71,Medium,Stable,10
525759,2879499,Low,0.23,0.17,517,0.71,Medium,Stable,1
